name,phone,email,website,suburb,state,source,registered_flag_on_listing,url
2020-independent-support,0400474388,,,,TAS,providerlink,False,https://providerlink.com.au/directory/listing/2020-independent-support
able-australia,0439 815 911,,,,,providerlink,True,https://providerlink.com.au/directory/listing/able-australia
able-australia-launceston,,,,,TAS,providerlink,True,https://providerlink.com.au/directory/listing/able-australia-launceston
anglicare-tasmania-burnie,,,,,TAS,providerlink,False,https://providerlink.com.au/directory/listing/anglicare-tasmania-burnie
anglicare-tasmania-devonport,,,,,TAS,providerlink,False,https://providerlink.com.au/directory/listing/anglicare-tasmania-devonport
anglicare-tasmania-glenorchy,,,,,TAS,providerlink,False,https://providerlink.com.au/directory/listing/anglicare-tasmania-glenorchy
anglicare-tasmania-hobart,,,,,TAS,providerlink,False,https://providerlink.com.au/directory/listing/anglicare-tasmania-hobart
anglicare-tasmania-hobart-1,,,,,TAS,providerlink,False,https://providerlink.com.au/directory/listing/anglicare-tasmania-hobart-1
anglicare-tasmania-launceston,,,,,TAS,providerlink,False,https://providerlink.com.au/directory/listing/anglicare-tasmania-launceston
anglicare-tasmania-sorell,,,,,TAS,providerlink,False,https://providerlink.com.au/directory/listing/anglicare-tasmania-sorell
anglicare-tasmania-st-helens,,,,,TAS,providerlink,False,https://providerlink.com.au/directory/listing/anglicare-tasmania-st-helens
anglicare-tasmania-zeehan,,,,,TAS,providerlink,False,https://providerlink.com.au/directory/listing/anglicare-tasmania-zeehan
annabelle-palmer-independent-support-worker-1,0439351383,,,,,providerlink,False,https://providerlink.com.au/directory/listing/annabelle-palmer-independent-support-worker-1
bethlehem-house-tasmania-murray-st,03 6234 4594,,,,TAS,providerlink,False,https://providerlink.com.au/directory/listing/bethlehem-house-tasmania-murray-st
bethlehem-house-tasmania-warwick-st,03 6234 4594,,,,TAS,providerlink,False,https://providerlink.com.au/directory/listing/bethlehem-house-tasmania-warwick-st
can-do-clean-4-you,0448 025 912,,,,,providerlink,False,https://providerlink.com.au/directory/listing/can-do-clean-4-you
choice-support-tasmania-2,03 6169 2588,,,,TAS,providerlink,True,https://providerlink.com.au/directory/listing/choice-support-tasmania-2
engaged-support-services,0483084320,,,,,providerlink,False,https://providerlink.com.au/directory/listing/engaged-support-services
everyday-independence-launceston,,,,,,providerlink,False,https://providerlink.com.au/directory/listing/everyday-independence-launceston
glenhaven-family-care-ulverstone,03 6425 1144,,,,TAS,providerlink,False,https://providerlink.com.au/directory/listing/glenhaven-family-care-ulverstone
